geoid,name,totpop,nhisp,white,black,asian,hispa,comtot,comdri,combus,comtrn,comcom,comfer,combik,comwlk,comwfh,vehtot,veh0,veh1,veh2,veh3m,mhhi,labforce,employed,hhpop,limeng,limengsp,limengie,limengas,limengot,limengpct,re_other,pwhite,pbipoc,pveh0,pdri,ptrn,pbus,pfer,pwfh
36085,"Richmond County, New York",492925,400514,285903,44626,56162,92411,221119,119172,40351,6956,572,7549,306,5934,18489,220245,17574,62294,89038,51339,96185,239189,226190,170000,11402,2701,4271,4085,345,6.7,13823,0.580013186590252,0.41998681340974797,0.07979295784240278,0.5389496153654819,0.03145817410534599,0.18248544901161817,0.034139987970278445,0.08361560969432749
