geoid,name,totpop,nhisp,white,black,asian,hispa,comtot,comdri,combus,comtrn,comcom,comfer,combik,comwlk,comwfh,vehtot,veh0,veh1,veh2,veh3m,mhhi,labforce,employed,hhpop,limeng,limengsp,limengie,limengas,limengot,limengpct,re_other,pwhite,pbipoc,pveh0,pdri,ptrn,pbus,pfer,pwfh
36085,"Richmond County, New York",492925,400514,285903,44626,56162,92411,221119,119172,40351,6956,572,7549,306,5934,18489,220245,17574,62294,89038,51339,96185,239189,226190,170000,11402,2701,4271,4085,345,6.7,13823,0.580013187,0.419986813,0.079792958,0.538949615,0.031458174,0.182485449,0.034139988,0.08361561